Id,Degree,Betweenness,Closeness,Eigenvector
David Moher,0.026239067055393583,0.0019152741697012325,0.030857082589403423,0.0
Jennifer Tetzlaff,0.024295432458697763,0.0,0.023693831274006198,0.0
Douglas G. Altman,0.009718172983479106,0.002367150306481681,0.033733590288415605,0.0
Matthew J. Page,0.024295432458697763,0.0,0.023693831274006198,0.0
Joanne E. McKenzie,0.024295432458697763,0.0,0.023693831274006198,0.0
Patrick M. Bossuyt,0.024295432458697763,0.0,0.023693831274006198,0.0
Isabelle Boutron,0.024295432458697763,0.0,0.023693831274006198,0.0
Tammy Hoffmann,0.024295432458697763,0.0,0.023693831274006198,0.0
Cynthia D. Mulrow,0.024295432458697763,0.0,0.023693831274006198,0.0
Larissa Shamseer,0.024295432458697763,0.0,0.023693831274006198,0.0
Elie A. Akl,0.024295432458697763,0.0,0.023693831274006198,0.0
Sue Brennan,0.024295432458697763,0.0,0.023693831274006198,0.0
Roger Chou,0.024295432458697763,0.0,0.023693831274006198,0.0
Julie Glanville,0.024295432458697763,0.0,0.023693831274006198,0.0
Jeremy Grimshaw,0.024295432458697763,0.0,0.023693831274006198,0.0
Asbjørn Hróbjartsson,0.024295432458697763,0.0,0.023693831274006198,0.0
Manoj M. Lalu,0.024295432458697763,0.0,0.023693831274006198,0.0
Tianjing Li,0.024295432458697763,0.0,0.023693831274006198,0.0
Elizabeth Loder,0.024295432458697763,0.0,0.023693831274006198,0.0
Evan Mayo‐Wilson,0.024295432458697763,0.0,0.023693831274006198,0.0
Steve McDonald,0.024295432458697763,0.0,0.023693831274006198,0.0
Luke A. McGuinness,0.024295432458697763,0.0,0.023693831274006198,0.0
Lesley Stewart,0.024295432458697763,0.0,0.023693831274006198,0.0
James Thomas,0.024295432458697763,0.0,0.023693831274006198,0.0
Andrea C. Tricco,0.024295432458697763,0.0,0.023693831274006198,0.0
Vivian Welch,0.024295432458697763,0.0,0.023693831274006198,0.0
Penny Whiting,0.024295432458697763,0.0,0.023693831274006198,0.0
Kenneth F. Schulz,0.0009718172983479105,0.0,0.020732102364755423,0.0
Julian P. T. Higgins,0.003887269193391642,0.000234446196488601,0.022616838943369556,0.0
Jonathan J Deeks,0.001943634596695821,0.0,0.022362717157488998,0.0
Carol Kilkenny,0.003887269193391642,0.0,0.02601675590871269,0.0
William J. Browne,0.028182701652089404,0.0005829643326665481,0.031098153547133137,0.0
Innes C. Cuthill,0.028182701652089404,0.0005829643326665481,0.031098153547133137,0.0
Michael Emerson,0.028182701652089404,0.0005829643326665481,0.031098153547133137,0.0
Johannes B. Reitsma,0.001943634596695821,0.0001191137933772731,0.022237785776720902,0.0
Patrick Royston,0.0009718172983479105,0.0,0.02199206438692288,0.0
Yvonne Vergouwe,0.0009718172983479105,0.0,0.02199206438692288,0.0
Johannes Schindelin,0.0029154518950437317,0.0,0.0029154518950437317,0.0
Curtis Rueden,0.0029154518950437317,0.0,0.0029154518950437317,0.0
Kevin W. Eliceiri,0.0029154518950437317,0.0,0.0029154518950437317,0.0
Mark Hiner,0.0029154518950437317,0.0,0.0029154518950437317,0.0
Anna Chaimani,0.001943634596695821,0.0,0.016725057369886727,0.0
Georgia Salanti,0.001943634596695821,0.0,0.016725057369886727,0.0
Anselm L. Strauss,0.0009718172983479105,0.0,0.0009718172983479105,0.0
Juliet Corbin,0.0009718172983479105,0.0,0.0009718172983479105,0.0
Jiawei Han,0.001943634596695821,0.0,0.001943634596695821,0.0
Micheline Kamber,0.001943634596695821,0.0,0.001943634596695821,0.0
Jian Pei,0.001943634596695821,0.0,0.001943634596695821,0.0
Andrew D Oxman,0.004859086491739553,0.0,0.004859086491739553,0.0
Gordon Guyatt,0.004859086491739553,0.0,0.004859086491739553,0.0
Gunn Elisabeth Vist,0.004859086491739553,0.0,0.004859086491739553,0.0
Regina Kunz,0.004859086491739553,0.0,0.004859086491739553,0.0
Yngve Falck–Ytter,0.004859086491739553,0.0,0.004859086491739553,0.0
Holger J. Schünemann,0.004859086491739553,0.0,0.004859086491739553,0.0
Ian H. Witten,0.0009718172983479105,0.0,0.0009718172983479105,0.0
Eibe Frank,0.0009718172983479105,0.0,0.0009718172983479105,0.0
Trevor Hastie,0.001943634596695821,0.0,0.001943634596695821,0.0
Robert Tibshirani,0.001943634596695821,0.0,0.001943634596695821,0.0
Jerome H. Friedman,0.001943634596695821,0.0,0.001943634596695821,0.0
Eric S. Lander,0.0009718172983479105,0.0,0.001749271137026239,0.0
Jill P. Mesirov,0.0029154518950437317,3.7813902659451775e-06,0.0029154518950437317,0.0
James Robinson,0.001943634596695821,0.0,0.002186588921282799,0.0
Helga Thorvaldsdóttir,0.001943634596695821,0.0,0.002186588921282799,0.0
Asif Chinwalla,0.001943634596695821,0.0,0.001943634596695821,0.0
Robert S. Fulton,0.001943634596695821,0.0,0.001943634596695821,0.0
Sandra W. Clifton,0.001943634596695821,0.0,0.001943634596695821,0.0
Eric J. Alm,0.0009718172983479105,0.0,0.001295756397797214,0.0
Curtis Huttenhower,0.001943634596695821,1.8906951329725887e-06,0.001943634596695821,0.0
Andrés Mauricio Caraballo‐Rodríguez,0.0184645286686103,7.846384801836244e-05,0.0184645286686103,0.0
Ricardo Silva,0.0184645286686103,7.846384801836244e-05,0.0184645286686103,0.0
Pieter C. Dorrestein,0.011661807580174927,0.0,0.013493309411676757,0.0
Madeleine Ernst,0.011661807580174927,0.0,0.013493309411676757,0.0
Julia M. Gauglitz,0.011661807580174927,0.0,0.013493309411676757,0.0
Alan K. Jarmusch,0.011661807580174927,0.0,0.013493309411676757,0.0
Kyo Bin Kang,0.011661807580174927,0.0,0.013493309411676757,0.0
Irina Koester,0.011661807580174927,0.0,0.013493309411676757,0.0
Alexey V. Melnik,0.001943634596695821,0.0,0.009745167908433215,0.0
Louis‐Félix Nothias,0.011661807580174927,0.0,0.013493309411676757,0.0
Daniel Petras,0.011661807580174927,0.0,0.013493309411676757,0.0
Anupriya Tripathi,0.011661807580174927,0.0,0.013493309411676757,0.0
Justin J. J. van der Hooft,0.011661807580174927,0.0,0.013493309411676757,0.0
Fernando Vargas,0.011661807580174927,0.0,0.013493309411676757,0.0
Mingxun Wang,0.006802721088435374,0.0,0.011316969183986959,0.0
Vanessa V. Phelan,0.006802721088435374,0.0,0.011316969183986959,0.0
Neha Garg,0.006802721088435374,0.0,0.011316969183986959,0.0
Robert A. Quinn,0.006802721088435374,0.0,0.011316969183986959,0.0
Hosein Mohimani,0.006802721088435374,0.0,0.011316969183986959,0.0
Pierre‐Marie Allard,0.006802721088435374,0.0,0.011316969183986959,0.0
Antonio González,0.0029154518950437317,5.672085398917766e-06,0.003109815354713314,0.0
Dan Knights,0.0029154518950437317,5.672085398917766e-06,0.003109815354713314,0.0
Yoshiki Vázquez‐Baeza,0.0009718172983479105,0.0,0.001943634596695821,0.0
Rob Knight,0.001943634596695821,0.0,0.002591512795594428,0.0
Lauren J. McIver,0.0009718172983479105,0.0,0.001295756397797214,0.0
Scott T. Kelley,0.0009718172983479105,0.0,0.001943634596695821,0.0
Stanley Wasserman,0.0009718172983479105,0.0,0.0009718172983479105,0.0
Katherine Faust,0.0009718172983479105,0.0,0.0009718172983479105,0.0
Nees Jan van Eck,0.0009718172983479105,0.0,0.0009718172983479105,0.0
Ludo Waltman,0.0009718172983479105,0.0,0.0009718172983479105,0.0
Greg Guest,0.0009718172983479105,0.0,0.0009718172983479105,0.0
Emily Namey,0.0009718172983479105,0.0,0.0009718172983479105,0.0
Luigi Atzori,0.001943634596695821,0.0,0.001943634596695821,0.0
Antonio Iera,0.001943634596695821,0.0,0.001943634596695821,0.0
Giacomo Morabito,0.001943634596695821,0.0,0.001943634596695821,0.0
Gad Getz,0.0009718172983479105,0.0,0.04859562872768155,0.0
Vésteinn Thórsson,0.09523809523809523,0.009434568713533218,0.09532219481199072,0.0
Philippe Rocca‐Serra,0.0009718172983479105,0.0,0.02330637671603326,1.3102774434558183e-06
Susanna‐Assunta Sansone,0.0029154518950437317,0.00019474159869617663,0.030204528445204028,6.397047467121215e-05
Michael Ashburner,0.004859086491739553,0.0005728806252906943,0.0423837737860121,0.0030578799726759098
Suzanna Lewis,0.001943634596695821,0.0,0.03011798251842694,6.39441763301019e-05
Brad T. Sherman,0.0009718172983479105,0.0,0.0009718172983479105,0.0
Richard A. Lempicki,0.0009718172983479105,0.0,0.0009718172983479105,0.0
Nello Cristianini,0.0009718172983479105,0.0,0.0009718172983479105,0.0
John Shawe‐Taylor,0.0009718172983479105,0.0,0.0009718172983479105,0.0
Jianjiong Gao,0.0029154518950437317,0.0,0.03442190368210776,0.0
Benjamin Groß,0.0029154518950437317,0.0,0.03442190368210776,0.0
Ethan Cerami,0.0029154518950437317,0.0,0.03442190368210776,0.0
Nikolaus Schultz,0.011661807580174927,0.0005672085398917766,0.05217635926551071,0.0
S. Onur Sumer,0.0029154518950437317,0.0,0.04981662442435696,0.0
Chris Sander,0.0029154518950437317,0.0,0.04981662442435696,0.0
Larsson Omberg,0.006802721088435374,0.0,0.05083850389972839,0.0
Gordon B. Mills,0.006802721088435374,0.0,0.05083850389972839,0.0
Debyani Chakravarty,0.006802721088435374,0.0,0.05083850389972839,0.0
Zachary Heins,0.006802721088435374,0.0,0.05083850389972839,0.0
Ritika Kundra,0.006802721088435374,0.0,0.05083850389972839,0.0
Marc Ladanyi,0.006802721088435374,0.0,0.05083850389972839,0.0
Stephen M. Smith,0.006802721088435374,8.50812809837665e-06,0.006802721088435374,0.0
Mark Jenkinson,0.003887269193391642,0.0,0.0047619047619047615,0.0
Mark W. Woolrich,0.003887269193391642,0.0,0.0047619047619047615,0.0
Christian F. Beckmann,0.003887269193391642,0.0,0.0047619047619047615,0.0
Timothy E.J. Behrens,0.006802721088435374,8.50812809837665e-06,0.006802721088435374,0.0
David C. Van Essen,0.003887269193391642,0.0,0.0047619047619047615,0.0
Essa Yacoub,0.003887269193391642,0.0,0.0047619047619047615,0.0
Kâmil Uğurbil,0.003887269193391642,0.0,0.0047619047619047615,0.0
H. Eugene Stanley,0.0009718172983479105,0.0,0.0009718172983479105,0.0
Shlomo Havlin,0.0009718172983479105,0.0,0.0009718172983479105,0.0
John W. Tukey,0.0009718172983479105,0.0,0.0009718172983479105,0.0
Frederick Mosteller,0.0009718172983479105,0.0,0.0009718172983479105,0.0
Anil K. Jain,0.0009718172983479105,0.0,0.0009718172983479105,0.0
Sharath Pankanti,0.0009718172983479105,0.0,0.0009718172983479105,0.0
Laurent Excoffier,0.001943634596695821,0.0,0.001943634596695821,0.0
Guillaume Laval,0.001943634596695821,0.0,0.001943634596695821,0.0
Stefan Schneider,0.001943634596695821,0.0,0.001943634596695821,0.0
Sameer Singh,0.0009718172983479105,0.0,0.0009718172983479105,0.0
Carlos Guestrin,0.0009718172983479105,0.0,0.0009718172983479105,0.0
Airlie J. McCoy,0.0009718172983479105,0.0,0.0009718172983479105,0.0
Randy J. Read,0.0009718172983479105,0.0,0.0009718172983479105,0.0
Robert Gentleman,0.003887269193391642,0.0,0.003887269193391642,0.0
Vincent J. Carey,0.003887269193391642,0.0,0.003887269193391642,0.0
Wolfgang Huber,0.003887269193391642,0.0,0.003887269193391642,0.0
Rafael A. Irizarry,0.003887269193391642,0.0,0.003887269193391642,0.0
Gordon K. Smyth,0.003887269193391642,0.0,0.003887269193391642,0.0
Virginia Braun,0.0009718172983479105,0.0,0.0009718172983479105,0.0
Victoria Clarke,0.0009718172983479105,0.0,0.0009718172983479105,0.0
Chengjie Chen,0.0029154518950437317,0.0,0.0029154518950437317,0.0
Hao Chen,0.0029154518950437317,0.0,0.0029154518950437317,0.0
Yehua He,0.0029154518950437317,0.0,0.0029154518950437317,0.0
Rui Xia,0.0029154518950437317,0.0,0.0029154518950437317,0.0
William DeLone,0.0009718172983479105,0.0,0.0009718172983479105,0.0
Ephraim R. McLean,0.0009718172983479105,0.0,0.0009718172983479105,0.0
William H. Press,0.0029154518950437317,0.0,0.0029154518950437317,0.0
Brian P. Flannery,0.0029154518950437317,0.0,0.0029154518950437317,0.0
Saul A. Teukolsky,0.0029154518950437317,0.0,0.0029154518950437317,0.0
William T. Vetterling,0.0029154518950437317,0.0,0.0029154518950437317,0.0
Vipin Kumar,0.0009718172983479105,0.0,0.0009718172983479105,0.0
Pang‐Ning Tan,0.0009718172983479105,0.0,0.0009718172983479105,0.0
Gediminas Adomavičius,0.0009718172983479105,0.0,0.0009718172983479105,0.0
Alexander Tuzhilin,0.0009718172983479105,0.0,0.0009718172983479105,0.0
Connor Shorten,0.0009718172983479105,0.0,0.0009718172983479105,0.0
Taghi M. Khoshgoftaar,0.0009718172983479105,0.0,0.0009718172983479105,0.0
Tanya Barrett,0.006802721088435374,0.0,0.006802721088435374,0.0
Pierre Ledoux,0.006802721088435374,0.0,0.006802721088435374,0.0
Irene F. Kim,0.006802721088435374,0.0,0.006802721088435374,0.0
Maxim Tomashevsky,0.006802721088435374,0.0,0.006802721088435374,0.0
Kimberly A. Marshall,0.006802721088435374,0.0,0.006802721088435374,0.0
Katherine Phillippy,0.006802721088435374,0.0,0.006802721088435374,0.0
Michelle Holko,0.006802721088435374,0.0,0.006802721088435374,0.0
Andrey Yefanov,0.006802721088435374,0.0,0.006802721088435374,0.0
Anna B. Costello,0.0009718172983479105,0.0,0.0009718172983479105,0.0
Jason W. Osborne,0.0009718172983479105,0.0,0.0009718172983479105,0.0
Catherine H. Graham,0.0029154518950437317,0.0,0.0029154518950437317,0.0
Simon Ferrier,0.0029154518950437317,0.0,0.0029154518950437317,0.0
Craig Moritz,0.0029154518950437317,0.0,0.0029154518950437317,0.0
A. Townsend Peterson,0.0029154518950437317,0.0,0.0029154518950437317,0.0
Antoine Guisan,0.0009718172983479105,0.0,0.0009718172983479105,0.0
Niklaus E. Zimmermann,0.0009718172983479105,0.0,0.0009718172983479105,0.0
Miguel Nakamura,0.0009718172983479105,0.0,0.0009718172983479105,0.0
Jorge Soberón,0.0009718172983479105,0.0,0.0009718172983479105,0.0
Francis S. Collins,0.0009718172983479105,0.0,0.0009718172983479105,0.0
Alan E. Guttmacher,0.0009718172983479105,0.0,0.0009718172983479105,0.0
David B. Goldstein,0.001943634596695821,0.0,0.002186588921282799,0.0
Mark I. McCarthy,0.0029154518950437317,3.7813902659451775e-06,0.0029154518950437317,0.0
Lon R. Cardon,0.001943634596695821,0.0,0.002186588921282799,0.0
Lucia A. Hindorff,0.01652089407191448,1.1445458037101918e-05,0.03776204359294738,0.0
Annalisa Buniello,0.010689990281827016,0.0,0.03566415228222808,0.0
Jacqueline MacArthur,0.01652089407191448,1.1445458037101918e-05,0.03776204359294738,0.0
María Cerezo,0.01652089407191448,1.1445458037101918e-05,0.03776204359294738,0.0
Laura W. Harris,0.010689990281827016,0.0,0.03566415228222808,0.0
James Hayhurst,0.010689990281827016,0.0,0.03566415228222808,0.0
Aoife McMahon,0.01652089407191448,1.1445458037101918e-05,0.03776204359294738,0.0
Joannella Morales,0.009718172983479106,0.0,0.03566415228222808,0.0
Elliot Sollis,0.010689990281827016,0.0,0.03566415228222808,0.0
Patricia L. Whetzel,0.010689990281827016,0.0,0.03566415228222808,0.0
Peggy Hall,0.01652089407191448,1.1445458037101918e-05,0.03776204359294738,0.0
Heather Junkins,0.009718172983479106,0.0,0.03566415228222808,0.0
Paul Flicek,0.06025267249757045,0.00046384956188277534,0.060725448480550524,0.0
Tony Burdett,0.009718172983479106,0.0,0.03566415228222808,0.0
Fiona Cunningham,0.06511175898931,0.000867850596903311,0.06512584329798171,0.0
Helen Parkinson,0.01652089407191448,1.1445458037101918e-05,0.03776204359294738,0.0
Laurent Gil,0.057337220602526724,0.00024240189443336084,0.058359521916373225,0.0
Zoë May Pendlington,0.007774538386783284,0.0,0.03483475339194371,0.0
Peter M. Visscher,0.0009718172983479105,0.0,0.001749271137026239,0.0
Catherine Pope,0.0009718172983479105,0.0,0.0009718172983479105,0.0
Nicholas Mays,0.0009718172983479105,0.0,0.0009718172983479105,0.0
A. Colin Cameron,0.0009718172983479105,0.0,0.0009718172983479105,0.0
Pravin K. Trivedi,0.0009718172983479105,0.0,0.0009718172983479105,0.0
Alan R. Hevner,0.0009718172983479105,0.0,0.0009718172983479105,0.0
Samir Chatterjee,0.0009718172983479105,0.0,0.0009718172983479105,0.0
Christian M. Ringle,0.0009718172983479105,0.0,0.0009718172983479105,0.0
Marko Sarstedt,0.0009718172983479105,0.0,0.0009718172983479105,0.0
Matthias Egger,0.0009718172983479105,0.0,0.0009718172983479105,0.0
George Davey Smith,0.0009718172983479105,0.0,0.0009718172983479105,0.0
Minqing Hu,0.0009718172983479105,0.0,0.001295756397797214,0.0
Bing Liu,0.001943634596695821,1.8906951329725887e-06,0.001943634596695821,0.0
Lei Zhang,0.0009718172983479105,0.0,0.001295756397797214,0.0
Sudhir Kumar,0.0009718172983479105,0.0,0.001295756397797214,0.0
Joel T. Dudley,0.001943634596695821,1.8906951329725887e-06,0.001943634596695821,0.0
Ala Al‐Fuqaha,0.001943634596695821,0.0,0.001943634596695821,0.0
Mohsen Guizani,0.001943634596695821,0.0,0.001943634596695821,0.0
Mehdi Mohammadi,0.001943634596695821,0.0,0.001943634596695821,0.0
John W. Creswell,0.0009718172983479105,0.0,0.0009718172983479105,0.0
Michael D. Fetters,0.0009718172983479105,0.0,0.0009718172983479105,0.0
Oliver P. John,0.001943634596695821,0.0,0.009745167908433215,0.0
Harry T. Reis,0.02040816326530612,0.00014463817767240304,0.0184645286686103,0.0
John A. Bargh,0.0184645286686103,0.00014463817767240304,0.0184645286686103,0.0
Reinhard F. Stocker,0.0029154518950437317,0.0,0.011955612809908017,0.0
Gian‐Kasper Plattner,0.02235179786200194,0.0001323486593080811,0.022351797862001945,0.0
T. F. Stocker,0.02235179786200194,0.0001323486593080811,0.022351797862001945,0.0
Pauline M. Midgley,0.02235179786200194,0.0001323486593080811,0.022351797862001945,0.0
D Qin,0.0029154518950437317,0.0,0.011955612809908017,0.0
Melinda Tignor,0.0029154518950437317,0.0,0.011955612809908017,0.0
Steve Allen,0.0029154518950437317,0.0,0.011955612809908017,0.0
Judith Boschung,0.0029154518950437317,0.0,0.011955612809908017,0.0
S. Allen,0.0029154518950437317,0.0,0.011955612809908017,0.0
Alexander Nauels,0.0029154518950437317,0.0,0.011955612809908017,0.0
Yubin Xia,0.0029154518950437317,0.0,0.011955612809908017,0.0
Vincent Bex,0.0029154518950437317,0.0,0.011955612809908017,0.0
Meredith Collins,0.0029154518950437317,0.0,0.011955612809908017,0.0
Reto Knutti,0.0029154518950437317,0.0,0.011955612809908017,0.0
Julie M. Arblaster,0.0029154518950437317,0.0,0.011955612809908017,0.0
Jean‐Louis Dufresne,0.0029154518950437317,0.0,0.011955612809908017,0.0
Thierry Fichefet,0.0029154518950437317,0.0,0.011955612809908017,0.0
Pierre Friedlingstein,0.0029154518950437317,0.0,0.011955612809908017,0.0
Michael Wehner,0.0029154518950437317,0.0,0.011955612809908017,0.0
Thomas F. Stocker,0.0029154518950437317,0.0,0.011955612809908017,0.0
Simon J. Allen,0.0029154518950437317,0.0,0.011955612809908017,0.0
F. M. Midgley,0.0029154518950437317,0.0,0.011955612809908017,0.0
Allen Sk,0.0029154518950437317,0.0,0.011955612809908017,0.0
SG Allen,0.0029154518950437317,0.0,0.011955612809908017,0.0
Yasset Pérez‐Riverol,0.0029154518950437317,0.0,0.0057165723432230035,0.0
Attila Csordás,0.009718172983479106,2.2688341595671065e-05,0.009718172983479106,0.0
Johannes Griss,0.0029154518950437317,0.0,0.0057165723432230035,0.0
Juan Antonio Vizcaíno,0.009718172983479106,2.2688341595671065e-05,0.009718172983479106,0.0
Gerhard Mayer,0.0029154518950437317,0.0,0.0057165723432230035,0.0
Martin Eisenacher,0.0029154518950437317,0.0,0.0057165723432230035,0.0
Rui Wang,0.0058309037900874635,0.0,0.006941552131056504,0.0
Florian Reisinger,0.0058309037900874635,0.0,0.006941552131056504,0.0
Daniel Ríos,0.0058309037900874635,0.0,0.006941552131056504,0.0
José A. Dianes,0.0058309037900874635,0.0,0.006941552131056504,0.0
Henning Hermjakob,0.0058309037900874635,0.0,0.006941552131056504,0.0
Nathalie Percie du Sert,0.026239067055393583,0.0,0.024124628206260858,0.0
Viki Hurst,0.026239067055393583,0.0,0.024124628206260858,0.0
Amrita Ahluwalia,0.026239067055393583,0.0,0.024124628206260858,0.0
Sabina Alam,0.026239067055393583,0.0,0.024124628206260858,0.0
Marc T. Avey,0.026239067055393583,0.0,0.024124628206260858,0.0
Monya Baker,0.026239067055393583,0.0,0.024124628206260858,0.0
Alejandra Clark,0.026239067055393583,0.0,0.024124628206260858,0.0
Ulrich Dirnagl,0.026239067055393583,0.0,0.024124628206260858,0.0
Paul Garner,0.026239067055393583,0.0,0.024124628206260858,0.0
Stephen T. Holgate,0.026239067055393583,0.0,0.024124628206260858,0.0
David W. Howells,0.026239067055393583,0.0,0.024124628206260858,0.0
Natasha A. Karp,0.026239067055393583,0.0,0.024124628206260858,0.0
Stanley E. Lazic,0.026239067055393583,0.0,0.024124628206260858,0.0
Katie Lidster,0.026239067055393583,0.0,0.024124628206260858,0.0
Catriona J. MacCallum,0.026239067055393583,0.0,0.024124628206260858,0.0
Malcolm Macleod,0.026239067055393583,0.0,0.024124628206260858,0.0
Esther J. Pearl,0.026239067055393583,0.0,0.024124628206260858,0.0
Ole H. Petersen,0.026239067055393583,0.0,0.024124628206260858,0.0
Frances Rawle,0.026239067055393583,0.0,0.024124628206260858,0.0
Penny S. Reynolds,0.026239067055393583,0.0,0.024124628206260858,0.0
Kieron Rooney,0.026239067055393583,0.0,0.024124628206260858,0.0
Emily S. Sena,0.026239067055393583,0.0,0.024124628206260858,0.0
Shai D. Silberberg,0.026239067055393583,0.0,0.024124628206260858,0.0
Thomas Steckler,0.026239067055393583,0.0,0.024124628206260858,0.0
Hanno Würbel,0.026239067055393583,0.0,0.024124628206260858,0.0
Salvador García,0.0009718172983479105,0.0,0.0022212966819380813,0.0
Francisco Herrera,0.003887269193391642,5.672085398917766e-06,0.003887269193391642,0.0
Manuel J. Cobo,0.0029154518950437317,0.0,0.003109815354713314,0.0
A.G. López‐Herrera,0.0029154518950437317,0.0,0.003109815354713314,0.0
Enrique Herrera–Viedma,0.0029154518950437317,0.0,0.003109815354713314,0.0
D. R. Cox,0.0009718172983479105,0.0,0.0009718172983479105,0.0
David Oakes,0.0009718172983479105,0.0,0.0009718172983479105,0.0
Keith F. Widaman,0.001943634596695821,0.0,0.009745167908433215,0.0
Michael J. Pencina,0.0009718172983479105,0.0,0.001295756397797214,0.0
Ralph B. D' Agostino,0.001943634596695821,1.8906951329725887e-06,0.001943634596695821,0.0
Ramachandran S. Vasan,0.0009718172983479105,0.0,0.001295756397797214,0.0
Rajkumar Buyya,0.001943634596695821,0.0,0.001943634596695821,0.0
Chee Shin Yeo,0.001943634596695821,0.0,0.001943634596695821,0.0
Srikumar Venugopal,0.001943634596695821,0.0,0.001943634596695821,0.0
Steven W. Kembel,0.001943634596695821,0.0,0.001943634596695821,0.0
David D. Ackerly,0.001943634596695821,0.0,0.001943634596695821,0.0
Campbell O. Webb,0.001943634596695821,0.0,0.001943634596695821,0.0
Gergely Palla,0.0009718172983479105,0.0,0.0009718172983479105,0.0
Tamás Vicsek,0.0009718172983479105,0.0,0.0009718172983479105,0.0
H. Russell Bernard,0.0009718172983479105,0.0,0.0009718172983479105,0.0
Gery W. Ryan,0.0009718172983479105,0.0,0.0009718172983479105,0.0
Elisabeth Gasteiger,0.0029154518950437317,0.0,0.003887269193391642,0.0
Delphine Baratin,0.0029154518950437317,0.0,0.003887269193391642,0.0
Edouard de Castro,0.0058309037900874635,1.70162561967533e-05,0.0058309037900874635,0.0
Nicole Redaschi,0.0029154518950437317,0.0,0.003887269193391642,0.0
Laurence Moore,0.0009718172983479105,0.0,0.0009718172983479105,0.0
Janis Baird,0.0009718172983479105,0.0,0.0009718172983479105,0.0
Alicia O’Cathain,0.001943634596695821,0.0,0.001943634596695821,0.0
Elizabeth Murphy,0.001943634596695821,0.0,0.001943634596695821,0.0
Jon Nicholl,0.001943634596695821,0.0,0.001943634596695821,0.0
Alex Bateman,0.0029154518950437317,0.0,0.003887269193391642,0.0
Catherine Rivoire,0.0029154518950437317,0.0,0.003887269193391642,0.0
Christian Sigrist,0.0029154518950437317,0.0,0.003887269193391642,0.0
Sandra Orchard,0.001943634596695821,0.0,0.001943634596695821,0.0
Penelope Garmiri,0.001943634596695821,0.0,0.001943634596695821,0.0
Rizwan Ishtiaq,0.001943634596695821,0.0,0.001943634596695821,0.0
Alan Bridge,0.010689990281827016,0.0,0.0500532185663381,0.018794189208026682
Lucila Aimo,0.010689990281827016,0.0,0.0500532185663381,0.018794189208026682
Kristian B. Axelsen,0.010689990281827016,0.0,0.0500532185663381,0.018794189208026682
Marc Feuermann,0.010689990281827016,0.0,0.0500532185663381,0.018794189208026682
Pascale Gaudet,0.02040816326530612,3.025112212756142e-05,0.05418131906665464,0.04121661947043833
Nevila Hyka‐Nouspikel,0.010689990281827016,0.0,0.0500532185663381,0.018794189208026682
Anne Morgat,0.010689990281827016,0.0,0.0500532185663381,0.018794189208026682
Suzi Aleksander,0.09135082604470358,0.0012420606560207927,0.08907776185534746,0.15610574427125232
J. Michael Cherry,0.0923226433430515,0.0012772275854940826,0.08983911024727351,0.1567102641774273
Harold Drabkin,0.0923226433430515,0.0012772275854940826,0.08983911024727351,0.1567102641774273
David P. Hill,0.0923226433430515,0.0012772275854940826,0.08983911024727351,0.1567102641774273
Pankaj Jaiswal,0.09135082604470358,0.0012420606560207927,0.08907776185534746,0.15610574427125232
Chris Mungall,0.05442176870748299,0.001145635204239189,0.06870049607144445,0.14305128301647183
Judith A. Blake,0.05150631681243926,3.390646605130841e-05,0.06610802452157861,0.14286725583982182
M. Eileen Dolan,0.05150631681243926,3.390646605130841e-05,0.06610802452157861,0.14286725583982182
Karen Christie,0.05150631681243926,3.390646605130841e-05,0.06610802452157861,0.14286725583982182
Stacia R. Engel,0.05150631681243926,3.390646605130841e-05,0.06610802452157861,0.14286725583982182
Robert S Nash,0.014577259475218658,0.0,0.052555879494655004,0.0389531199130445
Tanya Berardini,0.014577259475218658,0.0,0.052555879494655004,0.0389531199130445
Rex L. Chisholm,0.05150631681243926,3.390646605130841e-05,0.06610802452157861,0.14286725583982182
Paul W. Sternberg,0.014577259475218658,0.0,0.052555879494655004,0.038953119913044496
Valerie Wood,0.05150631681243926,3.390646605130841e-05,0.06610802452157861,0.14286725583982182
Anind K. Dey,0.003887269193391642,1.8906951329725887e-06,0.004049238743116294,0.0
Gregory D. Abowd,0.004859086491739553,9.453475664862944e-06,0.004859086491739553,0.0
Nigel Davies,0.0029154518950437317,0.0,0.003470776065528252,0.0
Pete Steggles,0.0029154518950437317,0.0,0.003470776065528252,0.0
Daniel Salber,0.001943634596695821,0.0,0.0030369290573372208,0.0
Todd Z. DeSantis,0.0009718172983479105,0.0,0.0009718172983479105,0.0
Gary L. Andersen,0.0009718172983479105,0.0,0.0009718172983479105,0.0
Matthias Bernt,0.0058309037900874635,0.0,0.04669582118561711,0.0
Enis Afgan,0.09037900874635568,0.0011679040975028404,0.09037900874635568,0.0
Anton Nekrutenko,0.09037900874635568,0.0011679040975028404,0.09037900874635568,0.0
Björn Grüning,0.09037900874635568,0.0011679040975028404,0.09037900874635568,0.0
Daniel Blankenberg,0.09037900874635568,0.0011679040975028404,0.09037900874635568,0.0
Jeremy Goecks,0.09037900874635568,0.0011679040975028404,0.09037900874635568,0.0
Michael C. Schatz,0.09037900874635568,0.0011679040975028404,0.09037900874635568,0.0
Li Da Xu,0.0009718172983479105,0.0,0.0009718172983479105,0.0
Shancang Li,0.0009718172983479105,0.0,0.0009718172983479105,0.0
Usama M. Fayyad,0.001943634596695821,0.0,0.001943634596695821,0.0
Gregory Piatetsky-Shapiro,0.001943634596695821,0.0,0.001943634596695821,0.0
Padhraic Smyth,0.001943634596695821,0.0,0.001943634596695821,0.0
Donna L. Hoffman,0.0009718172983479105,0.0,0.0009718172983479105,0.0
Thomas P. Novak,0.0009718172983479105,0.0,0.0009718172983479105,0.0
Christian Bizer,0.0009718172983479105,0.0,0.0009718172983479105,0.0
Tom Heath,0.0009718172983479105,0.0,0.0009718172983479105,0.0
Midori A. Harris,0.009718172983479106,0.0,0.05127402877527317,0.030117943726541082
Amelia Ireland,0.0029154518950437317,0.0,0.04187719481645817,0.0030553125422501442
Karen Eilbeck,0.0029154518950437317,0.0,0.04187719481645817,0.0030553125422501442
Seth Carbon,0.04664723032069971,0.0,0.06409253596909147,0.13908982912305415
Nomi L. Harris,0.04664723032069971,0.0,0.06409253596909147,0.13908982912305415
Petra Fey,0.04664723032069971,0.0,0.06409253596909147,0.13908982912305415
Paul D. Thomas,0.04956268221574344,0.0002836042699458883,0.06528680682565839,0.13944850376583381
Dustin Ebert,0.04664723032069971,0.0,0.06409253596909147,0.13908982912305415
Huaiyu Mi,0.04956268221574344,0.0002836042699458883,0.06528680682565839,0.13944850376583381
Tremayne Mushayahama,0.04664723032069971,0.0,0.06409253596909147,0.13908982912305415
Deborah A. Siegele,0.04664723032069971,0.0,0.06409253596909147,0.13908982912305415
Giulia Antonazzo,0.04664723032069971,0.0,0.06409253596909147,0.13908982912305415
Helen Attrill,0.04664723032069971,0.0,0.06409253596909147,0.13908982912305415
Steven J Marygold,0.04664723032069971,0.0,0.06409253596909147,0.13908982912305415
Gil dos Santos,0.04664723032069971,0.0,0.06409253596909147,0.13908982912305415
Christopher J. Tabone,0.04664723032069971,0.0,0.06409253596909147,0.13908982912305415
Pinglei Zhou,0.04664723032069971,0.0,0.06409253596909147,0.13908982912305415
Victor Strelets,0.04664723032069971,0.0,0.06409253596909147,0.13908982912305415
Jim Thurmond,0.04664723032069971,0.0,0.06409253596909147,0.13908982912305415
Colin Logie,0.04664723032069971,0.0,0.06409253596909147,0.13908982912305415
Ruth C. Lovering,0.04664723032069971,0.0,0.06409253596909147,0.13908982912305415
Shirin C C Saverimuttu,0.04664723032069971,0.0,0.06409253596909147,0.13908982912305415
Renzhi Su,0.04664723032069971,0.0,0.06409253596909147,0.13908982912305415
Kate E. Thurlow,0.04664723032069971,0.0,0.06409253596909147,0.13908982912305415
Michelle Giglio,0.04664723032069971,0.0,0.06409253596909147,0.13908982912305415
Suvarna Nadendla,0.04664723032069971,0.0,0.06409253596909147,0.13908982912305415
Li Ni,0.04664723032069971,0.0,0.06409253596909147,0.13908982912305415
Dmitry Sitnikov,0.04664723032069971,0.0,0.06409253596909147,0.13908982912305415
Kim Rutherford,0.04664723032069971,0.0,0.06409253596909147,0.13908982912305415
Melinda R. Dwinell,0.04664723032069971,0.0,0.06409253596909147,0.13908982912305415
G. Thomas Hayman,0.04664723032069971,0.0,0.06409253596909147,0.13908982912305415
Mary L. Kaldunski,0.04664723032069971,0.0,0.06409253596909147,0.13908982912305415
Anne E. Kwitek,0.04664723032069971,0.0,0.06409253596909147,0.13908982912305415
Stanley J. F. Laulederkind,0.04664723032069971,0.0,0.06409253596909147,0.13908982912305415
Marek Tutaj,0.04664723032069971,0.0,0.06409253596909147,0.13908982912305415
Mahima Vedi,0.04664723032069971,0.0,0.06409253596909147,0.13908982912305415
Shur‐Jen Wang,0.04664723032069971,0.0,0.06409253596909147,0.13908982912305415
Peter D’Eustachio,0.04664723032069971,0.0,0.06409253596909147,0.13908982912305415
James P. Balhoff,0.04664723032069971,0.0,0.06409253596909147,0.13908982912305415
Kalpana Karra,0.04664723032069971,0.0,0.06409253596909147,0.13908982912305415
Raymond Lee,0.004859086491739553,0.0,0.04866285138393982,0.01602503072927328
Sierra Moxon,0.004859086491739553,0.0,0.04866285138393982,0.01602503072927328
Anushya Muruganugan,0.004859086491739553,0.0,0.04866285138393982,0.01602503072927328
Kimberly Van Auken,0.004859086491739553,0.0,0.04866285138393982,0.01602503072927328
Jolene Ramsey,0.004859086491739553,0.0,0.04866285138393982,0.01602503072927328
Maria Cristina Aspromonte,0.004859086491739553,0.0,0.04866285138393982,0.01602503072927328
María Victoria Nugnes,0.004859086491739553,0.0,0.04866285138393982,0.01602503072927328
Federica Quaglia,0.004859086491739553,0.0,0.04866285138393982,0.01602503072927328
Silvio C. E. Tosatto,0.004859086491739553,0.0,0.04866285138393982,0.01602503072927328
Saadullah H. Ahmed,0.004859086491739553,0.0,0.04866285138393982,0.01602503072927328
Praoparn Asanitthong,0.004859086491739553,0.0,0.04866285138393982,0.01602503072927328
Diana Luna Buitrago,0.004859086491739553,0.0,0.04866285138393982,0.01602503072927328
Meltem N Erdol,0.004859086491739553,0.0,0.04866285138393982,0.01602503072927328
Matthew Gage,0.004859086491739553,0.0,0.04866285138393982,0.01602503072927328
Mohamed Ali Kadhum,0.004859086491739553,0.0,0.04866285138393982,0.01602503072927328
Kan Yan Chloe Li,0.004859086491739553,0.0,0.04866285138393982,0.01602503072927328
Miao Long,0.004859086491739553,0.0,0.04866285138393982,0.01602503072927328
Aleksandra Michalak,0.004859086491739553,0.0,0.04866285138393982,0.01602503072927328
Angeline Pesala,0.004859086491739553,0.0,0.04866285138393982,0.01602503072927328
Armalya Pritazahra,0.004859086491739553,0.0,0.04866285138393982,0.01602503072927328
Snezhana Oliferenko,0.004859086491739553,0.0,0.04866285138393982,0.01602503072927328
Lori E Corbani,0.004859086491739553,0.0,0.04866285138393982,0.01602503072927328
Cynthia L. Smith,0.004859086491739553,0.0,0.04866285138393982,0.01602503072927328
Alayne Cuzick,0.004859086491739553,0.0,0.04866285138393982,0.01602503072927328
James Seager,0.004859086491739553,0.0,0.04866285138393982,0.01602503072927328
Laurel Cooper,0.004859086491739553,0.0,0.04866285138393982,0.01602503072927328
Justin Elser,0.004859086491739553,0.0,0.04866285138393982,0.01602503072927328
Parul Gupta,0.004859086491739553,0.0,0.04866285138393982,0.01602503072927328
Sushma Naithani,0.004859086491739553,0.0,0.04866285138393982,0.01602503072927328
Manuel Lera-Ramírez,0.004859086491739553,0.0,0.04866285138393982,0.01602503072927328
Jeffrey L De Pons,0.004859086491739553,0.0,0.04866285138393982,0.01602503072927328
Stuart R. Miyasato,0.004859086491739553,0.0,0.04866285138393982,0.01602503072927328
Marek S. Skrzypek,0.004859086491739553,0.0,0.04866285138393982,0.01602503072927328
Shuai Weng,0.004859086491739553,0.0,0.04866285138393982,0.01602503072927328
Edith D. Wong,0.004859086491739553,0.0,0.04866285138393982,0.01602503072927328
Erika Bakker,0.004859086491739553,0.0,0.04866285138393982,0.01602503072927328
Daniel Barrell,0.05053449951409135,5.592329028544231e-06,0.053496228423342125,0.0
Daniel R. Zerbino,0.05053449951409135,5.592329028544231e-06,0.053496228423342125,0.0
Wasiu Akanni,0.03304178814382896,0.0,0.04405571752510527,0.0
M Ridwan Amode,0.05053449951409135,5.592329028544231e-06,0.053496228423342125,0.0
Konstantinos Billis,0.05053449951409135,5.592329028544231e-06,0.053496228423342125,0.0
Carla Cummins,0.03304178814382896,0.0,0.04405571752510527,0.0
Carlos García Girón,0.05053449951409135,5.592329028544231e-06,0.053496228423342125,0.0
Leo I. Gordon,0.05053449951409135,5.592329028544231e-06,0.053496228423342125,0.0
Thibaut Hourlier,0.05053449951409135,5.592329028544231e-06,0.053496228423342125,0.0
Sophie H. Janacek,0.043731778425655975,2.683567285509479e-06,0.04938113392923888,0.0
Thomas Juettemann,0.05053449951409135,5.592329028544231e-06,0.053496228423342125,0.0
Ilias Lavidas,0.03304178814382896,0.0,0.04405571752510527,0.0
Thomas Maurel,0.05053449951409135,5.592329028544231e-06,0.053496228423342125,0.0
William McLaren,0.05053449951409135,5.592329028544231e-06,0.053496228423342125,0.0
Daniel N. Murphy,0.05053449951409135,5.592329028544231e-06,0.053496228423342125,0.0
Michael Nuhn,0.03304178814382896,0.0,0.04405571752510527,0.0
Anne Parker,0.05053449951409135,5.592329028544231e-06,0.053496228423342125,0.0
Mateus Patrício,0.043731778425655975,2.683567285509479e-06,0.04938113392923888,0.0
Harpreet Singh Riat,0.05053449951409135,5.592329028544231e-06,0.053496228423342125,0.0
Dan Sheppard,0.05053449951409135,5.592329028544231e-06,0.053496228423342125,0.0
Kieron Taylor,0.05053449951409135,5.592329028544231e-06,0.053496228423342125,0.0
Anja Thormann,0.05053449951409135,5.592329028544231e-06,0.053496228423342125,0.0
Alessandro Vullo,0.05053449951409135,5.592329028544231e-06,0.053496228423342125,0.0
Amonida Zadissa,0.05053449951409135,5.592329028544231e-06,0.053496228423342125,0.0
Sarah Hunt,0.05053449951409135,5.592329028544231e-06,0.053496228423342125,0.0
Fergal J. Martin,0.05053449951409135,5.592329028544231e-06,0.053496228423342125,0.0
Matthieu Muffato,0.05053449951409135,5.592329028544231e-06,0.053496228423342125,0.0
Emily Perry,0.043731778425655975,2.683567285509479e-06,0.04938113392923888,0.0
Magali Ruffier,0.05053449951409135,5.592329028544231e-06,0.053496228423342125,0.0
Stephen J. Trevanion,0.05053449951409135,5.592329028544231e-06,0.053496228423342125,0.0
Bronwen Aken,0.05053449951409135,5.592329028544231e-06,0.053496228423342125,0.0
Andrew Yates,0.05053449951409135,5.592329028544231e-06,0.053496228423342125,0.0
Denise Carvalho‐Silva,0.04664723032069971,1.0180666100621627e-06,0.05106458167682657,0.0
Peter Clapham,0.04664723032069971,1.0180666100621627e-06,0.05106458167682657,0.0
Stephen Fitzgerald,0.04664723032069971,1.0180666100621627e-06,0.05106458167682657,0.0
Nathan Johnson,0.04664723032069971,1.0180666100621627e-06,0.05106458167682657,0.0
Stephen Keenan,0.04664723032069971,1.0180666100621627e-06,0.05106458167682657,0.0
Rishi Nag,0.04664723032069971,1.0180666100621627e-06,0.05106458167682657,0.0
Miguel Pignatelli,0.04664723032069971,1.0180666100621627e-06,0.05106458167682657,0.0
Steven P. Wilder,0.04664723032069971,1.0180666100621627e-06,0.05106458167682657,0.0
Ewan Birney,0.04664723032069971,1.0180666100621627e-06,0.05106458167682657,0.0
Jennifer Harrow,0.04664723032069971,1.0180666100621627e-06,0.05106458167682657,0.0
Giulietta Spudich,0.04664723032069971,1.0180666100621627e-06,0.05106458167682657,0.0
Kathryn Beal,0.043731778425655975,0.0,0.04938113392923888,0.0
Simon Brent,0.043731778425655975,0.0,0.04938113392923888,0.0
Guy Coates,0.043731778425655975,0.0,0.04938113392923888,0.0
Andreas Kähäri,0.043731778425655975,0.0,0.04938113392923888,0.0
Bert Overduin,0.043731778425655975,0.0,0.04938113392923888,0.0
Rhoda Kinsella,0.043731778425655975,0.0,0.04938113392923888,0.0
Stephen M. J. Searle,0.043731778425655975,0.0,0.04938113392923888,0.0
Qiang Yang,0.0009718172983479105,0.0,0.0009718172983479105,0.0
Yang Liu,0.0009718172983479105,0.0,0.0009718172983479105,0.0
Jan Lepš,0.0009718172983479105,0.0,0.0009718172983479105,0.0
Petr Šmilauer,0.0009718172983479105,0.0,0.0009718172983479105,0.0
Jay Lee,0.001943634596695821,0.0,0.001943634596695821,0.0
Behrad Bagheri,0.001943634596695821,0.0,0.001943634596695821,0.0
Hung-An Kao,0.001943634596695821,0.0,0.001943634596695821,0.0
D. Staines,0.0009718172983479105,0.0,0.03187009352879956,0.0
Stephen P. Borgatti,0.0009718172983479105,0.0,0.0009718172983479105,0.0
Martin G. Everett,0.0009718172983479105,0.0,0.0009718172983479105,0.0
Fosca Giannotti,0.0009718172983479105,0.0,0.0009718172983479105,0.0
Dino Pedreschi,0.0009718172983479105,0.0,0.0009718172983479105,0.0
Claudio Castellano,0.0009718172983479105,0.0,0.0009718172983479105,0.0
Vittorio Loreto,0.0009718172983479105,0.0,0.0009718172983479105,0.0
Gustau Camps‐Valls,0.001943634596695821,0.0,0.001943634596695821,0.0
Antonio Plaza,0.001943634596695821,0.0,0.001943634596695821,0.0
Jocelyn Chanussot,0.001943634596695821,0.0,0.001943634596695821,0.0
Ming Li,0.0009718172983479105,0.0,0.0009718172983479105,0.0
Paul Vitányi,0.0009718172983479105,0.0,0.0009718172983479105,0.0
Paul A. Hohenlohe,0.0009718172983479105,0.0,0.0009718172983479105,0.0
Gordon Luikart,0.0009718172983479105,0.0,0.0009718172983479105,0.0
Elizabeth D. Mynatt,0.0009718172983479105,0.0,0.002699492495410863,0.0
Felicity Hasson,0.001943634596695821,0.0,0.001943634596695821,0.0
Sinead Keeney,0.001943634596695821,0.0,0.001943634596695821,0.0
Hugh McKenna,0.001943634596695821,0.0,0.001943634596695821,0.0
Zibin Zheng,0.003887269193391642,0.0,0.003887269193391642,0.0
Shaoan Xie,0.003887269193391642,0.0,0.003887269193391642,0.0
Hong‐Ning Dai,0.003887269193391642,0.0,0.003887269193391642,0.0
Xiangping Chen,0.003887269193391642,0.0,0.003887269193391642,0.0
Huaimin Wang,0.003887269193391642,0.0,0.003887269193391642,0.0
Francesco Ricci⋆,0.001943634596695821,0.0,0.002186588921282799,0.0
Lior Rokach,0.0029154518950437317,3.7813902659451775e-06,0.0029154518950437317,0.0
Bracha Shapira,0.001943634596695821,0.0,0.002186588921282799,0.0
Oded Maimon,0.0009718172983479105,0.0,0.001749271137026239,0.0
Gabriele Paolacci,0.001943634596695821,0.0,0.002186588921282799,0.0
Jesse Chandler,0.0029154518950437317,3.7813902659451775e-06,0.0029154518950437317,0.0
Panagiotis G. Ipeirotis,0.001943634596695821,0.0,0.002186588921282799,0.0
Danielle N. Shapiro,0.0009718172983479105,0.0,0.001749271137026239,0.0
Laurent Gatto,0.0009718172983479105,0.0,0.0009718172983479105,0.0
Eric W. Deutsch,0.0009718172983479105,0.0,0.0009718172983479105,0.0
Imre Csiszár,0.0009718172983479105,0.0,0.0009718172983479105,0.0
János Körner,0.0009718172983479105,0.0,0.0009718172983479105,0.0
Bronwyn H. Hall,0.001943634596695821,0.0,0.001943634596695821,0.0
Adam B. Jaffe,0.001943634596695821,0.0,0.001943634596695821,0.0
Manuel Trajtenberg,0.001943634596695821,0.0,0.001943634596695821,0.0
James H. McMillan,0.0009718172983479105,0.0,0.0009718172983479105,0.0
Sally Schumacher,0.0009718172983479105,0.0,0.0009718172983479105,0.0
Jian Yang,0.0029154518950437317,0.0,0.0029154518950437317,0.0
Lihong Chen,0.0029154518950437317,0.0,0.0029154518950437317,0.0
Dandan Zheng,0.0029154518950437317,0.0,0.0029154518950437317,0.0
Bo Liu,0.0029154518950437317,0.0,0.0029154518950437317,0.0
Héctor Corrada Bravo,0.0009718172983479105,0.0,0.0009718172983479105,0.0
Levi Waldron,0.0009718172983479105,0.0,0.0009718172983479105,0.0
James Taylor,0.021379980563654033,4.496359013707921e-06,0.05125151105738462,0.0
Dannon Baker,0.02040816326530612,4.448694430523738e-07,0.05094089583885502,0.0
Bérénice Batut,0.019436345966958212,0.0,0.05063402297235589,0.0
Marius van den Beek,0.02040816326530612,4.448694430523738e-07,0.05094089583885502,0.0
Dave Bouvier,0.02040816326530612,4.448694430523738e-07,0.05094089583885502,0.0
Martin Čech,0.02040816326530612,4.448694430523738e-07,0.05094089583885502,0.0
John Chilton,0.02040816326530612,4.448694430523738e-07,0.05094089583885502,0.0
Dave Clements,0.02040816326530612,4.448694430523738e-07,0.05094089583885502,0.0
Nate Coraor,0.02040816326530612,4.448694430523738e-07,0.05094089583885502,0.0
Aysam Guerler,0.02040816326530612,4.448694430523738e-07,0.05094089583885502,0.0
Jennifer Hillman‐Jackson,0.02040816326530612,4.448694430523738e-07,0.05094089583885502,0.0
Saskia Hiltemann,0.019436345966958212,0.0,0.05063402297235589,0.0
Vahid Jalili,0.019436345966958212,0.0,0.05063402297235589,0.0
Helena Rasche,0.019436345966958212,0.0,0.05063402297235589,0.0
Nicola Soranzo,0.02040816326530612,4.448694430523738e-07,0.05094089583885502,0.0
Greg Von Kuster,0.01652089407191448,0.0,0.04973519416219573,0.0
Alexander Ostrovsky,0.0058309037900874635,0.0,0.04669582118561711,0.0
Alexandru Mahmoud,0.0058309037900874635,0.0,0.04669582118561711,0.0
Andrew Lonie,0.0058309037900874635,0.0,0.04669582118561711,0.0
Anna Syme,0.0058309037900874635,0.0,0.04669582118561711,0.0
Anne Fouilloux,0.0058309037900874635,0.0,0.04669582118561711,0.0
Anthony Bretaudeau,0.0058309037900874635,0.0,0.04669582118561711,0.0
Anup Kumar,0.0058309037900874635,0.0,0.04669582118561711,0.0
Arthur C. Eschenlauer,0.0058309037900874635,0.0,0.04669582118561711,0.0
Assunta D DeSanto,0.0058309037900874635,0.0,0.04669582118561711,0.0
Beatriz Serrano‐Solano,0.0058309037900874635,0.0,0.04669582118561711,0.0
Bradley W. Langhorst,0.0058309037900874635,0.0,0.04669582118561711,0.0
Bridget Carr,0.0058309037900874635,0.0,0.04669582118561711,0.0
Bryan Raubenolt,0.0058309037900874635,0.0,0.04669582118561711,0.0
Cameron Hyde,0.0058309037900874635,0.0,0.04669582118561711,0.0
Catherine J. Bromhead,0.0058309037900874635,0.0,0.04669582118561711,0.0
Christopher B. Barnett,0.0058309037900874635,0.0,0.04669582118561711,0.0
Coline Royaux,0.0058309037900874635,0.0,0.04669582118561711,0.0
Cristóbal Gallardo,0.0058309037900874635,0.0,0.04669582118561711,0.0
Daniel Fornika,0.0058309037900874635,0.0,0.04669582118561711,0.0
David Anderson de Lima Morais,0.0058309037900874635,0.0,0.04669582118561711,0.0
David López Tabernero,0.0058309037900874635,0.0,0.04669582118561711,0.0
Delphine Larivière,0.0058309037900874635,0.0,0.04669582118561711,0.0
Engy Nasr,0.0058309037900874635,0.0,0.04669582118561711,0.0
Federico Zambelli,0.0058309037900874635,0.0,0.04669582118561711,0.0
Florian Heyl,0.0058309037900874635,0.0,0.04669582118561711,0.0
Fotis Psomopoulos,0.0058309037900874635,0.0,0.04669582118561711,0.0
Frederik Coppens,0.0058309037900874635,0.0,0.04669582118561711,0.0
Gareth Price,0.0058309037900874635,0.0,0.04669582118561711,0.0
Gianmauro Cuccuru,0.0058309037900874635,0.0,0.04669582118561711,0.0
Gildas Le Corguillé,0.0058309037900874635,0.0,0.04669582118561711,0.0
Gulsum Gudukbay Akbulut,0.0058309037900874635,0.0,0.04669582118561711,0.0
Hans-Rudolf Hotz,0.0058309037900874635,0.0,0.04669582118561711,0.0
Ignacio Eguinoa,0.0058309037900874635,0.0,0.04669582118561711,0.0
Igor V. Makunin,0.0058309037900874635,0.0,0.04669582118561711,0.0
Isuru Ranawaka,0.0058309037900874635,0.0,0.04669582118561711,0.0
Jayadev Joshi,0.0058309037900874635,0.0,0.04669582118561711,0.0
Kaivan Kamali,0.0058309037900874635,0.0,0.04669582118561711,0.0
Keith Suderman,0.0058309037900874635,0.0,0.04669582118561711,0.0
Krzysztof Poterlowicz,0.0058309037900874635,0.0,0.04669582118561711,0.0
Le Bras Yvan,0.0058309037900874635,0.0,0.04669582118561711,0.0
Lucille Lopez‐Delisle,0.0058309037900874635,0.0,0.04669582118561711,0.0
Luke Sargent,0.0058309037900874635,0.0,0.04669582118561711,0.0
Madeline E. Bassetti,0.0058309037900874635,0.0,0.04669582118561711,0.0
M. A. Tangaro,0.0058309037900874635,0.0,0.04669582118561711,0.0
Matthias Fahrner,0.0058309037900874635,0.0,0.04669582118561711,0.0
Mehmet Tekman,0.0058309037900874635,0.0,0.04669582118561711,0.0
Melanie Christine Föll,0.0058309037900874635,0.0,0.04669582118561711,0.0
Michael R. Crusoe,0.0058309037900874635,0.0,0.04669582118561711,0.0
Miguel Roncoroni,0.0058309037900874635,0.0,0.04669582118561711,0.0
Natalie Kucher,0.0058309037900874635,0.0,0.04669582118561711,0.0
Nicholas Stoler,0.0058309037900874635,0.0,0.04669582118561711,0.0
Nick Rhodes,0.0058309037900874635,0.0,0.04669582118561711,0.0
Niko Pinter,0.0058309037900874635,0.0,0.04669582118561711,0.0
Nuwan Goonasekera,0.0058309037900874635,0.0,0.04669582118561711,0.0
Pablo Moreno,0.0058309037900874635,0.0,0.04669582118561711,0.0
Pavankumar Videm,0.0058309037900874635,0.0,0.04669582118561711,0.0
Mélanie Pétéra,0.0058309037900874635,0.0,0.04669582118561711,0.0
Pietro Mandreoli,0.0058309037900874635,0.0,0.04669582118561711,0.0
Pratik Jagtap,0.0058309037900874635,0.0,0.04669582118561711,0.0
Qiang Gu,0.0058309037900874635,0.0,0.04669582118561711,0.0
Ralf J. M. Weber,0.0058309037900874635,0.0,0.04669582118561711,0.0
Ross Lazarus,0.006802721088435374,0.0,0.046956691695033956,0.0
Ruben H.P. Vorderman,0.0058309037900874635,0.0,0.04669582118561711,0.0
Sergey Golitsynskiy,0.0058309037900874635,0.0,0.04669582118561711,0.0
Shilpa Garg,0.0058309037900874635,0.0,0.04669582118561711,0.0
Simon Bray,0.0058309037900874635,0.0,0.04669582118561711,0.0
Simon Gladman,0.0058309037900874635,0.0,0.04669582118561711,0.0
Simone Leo,0.0058309037900874635,0.0,0.04669582118561711,0.0
Subina Mehta,0.0058309037900874635,0.0,0.04669582118561711,0.0
Timothy J. Griffin,0.0058309037900874635,0.0,0.04669582118561711,0.0
Yves Vandenbrouck,0.0058309037900874635,0.0,0.04669582118561711,0.0
Byron J. Powell,0.0009718172983479105,0.0,0.0009718172983479105,0.0
Enola K. Proctor,0.0009718172983479105,0.0,0.0009718172983479105,0.0
Riccardo Miotto,0.0009718172983479105,0.0,0.001295756397797214,0.0
Àlex Arenas,0.0009718172983479105,0.0,0.0009718172983479105,0.0
Albert Dı́az-Guilera,0.0009718172983479105,0.0,0.0009718172983479105,0.0
Katherine Chou,0.0009718172983479105,0.0,0.0024989587671803413,0.0
Greg S. Corrado,0.0029154518950437317,9.453475664862944e-06,0.003887269193391642,0.0
Christopher Kelly,0.001943634596695821,0.0,0.003498542274052478,0.0
Alan Karthikesalingam,0.004859086491739553,2.0797646462698474e-05,0.004997917534360683,0.0
Mary J. Goldman,0.0029154518950437317,0.0,0.0029154518950437317,0.0
Brian Craft,0.0029154518950437317,0.0,0.0029154518950437317,0.0
Jingchun Zhu,0.0029154518950437317,0.0,0.0029154518950437317,0.0
David Haussler,0.0029154518950437317,0.0,0.0029154518950437317,0.0
Gary King,0.001943634596695821,0.0,0.001943634596695821,0.0
Michael Tomz,0.001943634596695821,0.0,0.001943634596695821,0.0
Jason Wittenberg,0.001943634596695821,0.0,0.001943634596695821,0.0
Avrim Blum,0.003887269193391642,0.0,0.009839650145772596,0.0
Noam Nisan,0.019436345966958212,4.9630747240530456e-05,0.01749271137026239,0.0
Christos H. Papadimitriou,0.01749271137026239,4.9630747240530456e-05,0.01749271137026239,0.0
Éva Tardos,0.01749271137026239,4.9630747240530456e-05,0.01749271137026239,0.0
Tim Roughgarden,0.01749271137026239,4.9630747240530456e-05,0.01749271137026239,0.0
David Lazer,0.0009718172983479105,0.0,0.001295756397797214,0.0
Alex Pentland,0.001943634596695821,1.8906951329725887e-06,0.001943634596695821,0.0
Duncan J. Watts,0.0009718172983479105,0.0,0.0009718172983479105,0.0
Peter Sheridan Dodds,0.0009718172983479105,0.0,0.0009718172983479105,0.0
Kenneth P. Burnham,0.0009718172983479105,0.0,0.0009718172983479105,0.0
David R. Anderson,0.0009718172983479105,0.0,0.0009718172983479105,0.0
ROBERT FINN,0.003887269193391642,0.0,0.040272704593605366,0.00595659761042174
Alex Mitchell,0.003887269193391642,0.0,0.040272704593605366,0.00595659761042174
Amaia Sangrador‐Vegas,0.003887269193391642,0.0,0.040272704593605366,0.00595659761042174
Nathan Eagle,0.0009718172983479105,0.0,0.001295756397797214,0.0
Wei Ren,0.001943634596695821,0.0,0.001943634596695821,0.0
Randal W. Beard,0.001943634596695821,0.0,0.001943634596695821,0.0
Ella Atkins,0.001943634596695821,0.0,0.001943634596695821,0.0
Brett Didier,0.0009718172983479105,0.0,0.0009718172983479105,0.0
Theresa L. Windus,0.0009718172983479105,0.0,0.0009718172983479105,0.0
Jianfang Liu,0.0009718172983479105,0.0,0.04859562872768155,0.0
Tara M. Lichtenberg,0.0009718172983479105,0.0,0.04859562872768155,0.0
Katherine A. Hoadley,0.0009718172983479105,0.0,0.04859562872768155,0.0
Laila Poisson,0.0009718172983479105,0.0,0.04859562872768155,0.0
Alexander J. Lazar,0.0009718172983479105,0.0,0.04859562872768155,0.0
Andrew D. Cherniack,0.0009718172983479105,0.0,0.04859562872768155,0.0
Albert J. Kovatich,0.0009718172983479105,0.0,0.04859562872768155,0.0
Christopher C. Benz,0.0009718172983479105,0.0,0.04859562872768155,0.0
Douglas A. Levine,0.0009718172983479105,0.0,0.04859562872768155,0.0
Adrian V. Lee,0.0009718172983479105,0.0,0.04859562872768155,0.0
Denise M. Wolf,0.0009718172983479105,0.0,0.04859562872768155,0.0
Craig D. Shriver,0.0009718172983479105,0.0,0.04859562872768155,0.0
Hai Hu,0.0009718172983479105,0.0,0.04859562872768155,0.0
Rory Johnson,0.0009718172983479105,0.0,0.04859562872768155,0.0
John A. Demchok,0.0009718172983479105,0.0,0.04859562872768155,0.0
Ina Felau,0.0009718172983479105,0.0,0.04859562872768155,0.0
Melpomeni Kasapi,0.0009718172983479105,0.0,0.04859562872768155,0.0
Martin L. Ferguson,0.0009718172983479105,0.0,0.04859562872768155,0.0
Carolyn M. Hutter,0.0009718172983479105,0.0,0.04859562872768155,0.0
Heidi J. Sofia,0.0009718172983479105,0.0,0.04859562872768155,0.0
Roy Tarnuzzer,0.0009718172983479105,0.0,0.04859562872768155,0.0
Linghua Wang,0.0009718172983479105,0.0,0.04859562872768155,0.0
Liming Yang,0.0009718172983479105,0.0,0.04859562872768155,0.0
Jean C. Zenklusen,0.0009718172983479105,0.0,0.04859562872768155,0.0
Jiashan Zhang,0.0009718172983479105,0.0,0.04859562872768155,0.0
Sudha Chudamani,0.0009718172983479105,0.0,0.04859562872768155,0.0
Jia Liu,0.0009718172983479105,0.0,0.04859562872768155,0.0
Laxmi Lolla,0.0009718172983479105,0.0,0.04859562872768155,0.0
Rashi Naresh,0.0009718172983479105,0.0,0.04859562872768155,0.0
Todd Pihl,0.0009718172983479105,0.0,0.04859562872768155,0.0
Qiang Sun,0.0009718172983479105,0.0,0.04859562872768155,0.0
Yunhu Wan,0.0009718172983479105,0.0,0.04859562872768155,0.0
Ye Wu,0.0009718172983479105,0.0,0.04859562872768155,0.0
Juok Cho,0.0009718172983479105,0.0,0.04859562872768155,0.0
Timothy Defreitas,0.0009718172983479105,0.0,0.04859562872768155,0.0
Scott Frazer,0.0009718172983479105,0.0,0.04859562872768155,0.0
Nils Gehlenborg,0.0009718172983479105,0.0,0.04859562872768155,0.0
David I. Heiman,0.0009718172983479105,0.0,0.04859562872768155,0.0
Jaegil Kim,0.0009718172983479105,0.0,0.04859562872768155,0.0
Michael S. Lawrence,0.0009718172983479105,0.0,0.04859562872768155,0.0
Pei Lin,0.0009718172983479105,0.0,0.04859562872768155,0.0
Thomas J. Giordano,0.0009718172983479105,0.0,0.04859562872768155,0.0
Michael S. Noble,0.0009718172983479105,0.0,0.04859562872768155,0.0
Gordon Saksena,0.0009718172983479105,0.0,0.04859562872768155,0.0
Doug Voet,0.0009718172983479105,0.0,0.04859562872768155,0.0
Hailei Zhang,0.0009718172983479105,0.0,0.04859562872768155,0.0
Brady Bernard,0.0009718172983479105,0.0,0.04859562872768155,0.0
Nyasha Chambwe,0.0009718172983479105,0.0,0.04859562872768155,0.0
Varsha Dhankani,0.0009718172983479105,0.0,0.04859562872768155,0.0
Theo Knijnenburg,0.0009718172983479105,0.0,0.04859562872768155,0.0
Roger Kramer,0.0009718172983479105,0.0,0.04859562872768155,0.0
Kalle Leinonen,0.0009718172983479105,0.0,0.04859562872768155,0.0
Yuexin Liu,0.0009718172983479105,0.0,0.04859562872768155,0.0
Michael B. Miller,0.0009718172983479105,0.0,0.04859562872768155,0.0
Sheila M. Reynolds,0.0009718172983479105,0.0,0.04859562872768155,0.0
Ilya Shmulevich,0.0009718172983479105,0.0,0.04859562872768155,0.0
Wei Zhang,0.0009718172983479105,0.0,0.04859562872768155,0.0
Rehan Akbani,0.0009718172983479105,0.0,0.04859562872768155,0.0
Bradley M. Broom,0.0009718172983479105,0.0,0.04859562872768155,0.0
Apurva M. Hegde,0.0009718172983479105,0.0,0.04859562872768155,0.0
Zhenlin Ju,0.0009718172983479105,0.0,0.04859562872768155,0.0
Rupa S. Kanchi,0.0009718172983479105,0.0,0.04859562872768155,0.0
Anil Korkut,0.0009718172983479105,0.0,0.04859562872768155,0.0
Jun Li,0.0009718172983479105,0.0,0.04859562872768155,0.0
Han Liang,0.0009718172983479105,0.0,0.04859562872768155,0.0
Shiyun Ling,0.0009718172983479105,0.0,0.04859562872768155,0.0
Wenbin Liu,0.0009718172983479105,0.0,0.04859562872768155,0.0
Yiling Lu,0.0009718172983479105,0.0,0.04859562872768155,0.0
Kwok-Shing Ng,0.0009718172983479105,0.0,0.04859562872768155,0.0
Arvind Rao,0.0009718172983479105,0.0,0.04859562872768155,0.0
Michael Ryan,0.0009718172983479105,0.0,0.04859562872768155,0.0
Jing Wang,0.0009718172983479105,0.0,0.04859562872768155,0.0
John N. Weinstein,0.0009718172983479105,0.0,0.04859562872768155,0.0
Jiexin Zhang,0.0009718172983479105,0.0,0.04859562872768155,0.0
Adam Abeshouse,0.0009718172983479105,0.0,0.04859562872768155,0.0
Joshua Armenia,0.0009718172983479105,0.0,0.04859562872768155,0.0
Walid K. Chatila,0.0009718172983479105,0.0,0.04859562872768155,0.0
Ino de Bruijn,0.0009718172983479105,0.0,0.04859562872768155,0.0
Galen F. Gao,0.0009718172983479105,0.0,0.04859562872768155,0.0
Benjamin E. Gross,0.0009718172983479105,0.0,0.04859562872768155,0.0
Konnor La,0.0009718172983479105,0.0,0.04859562872768155,0.0
Augustin Luna,0.0009718172983479105,0.0,0.04859562872768155,0.0
Moriah G. Nissan,0.0009718172983479105,0.0,0.04859562872768155,0.0
Angelica Ochoa,0.0009718172983479105,0.0,0.04859562872768155,0.0
Sarah Phillips,0.0009718172983479105,0.0,0.04859562872768155,0.0
Ed Reznik,0.0009718172983479105,0.0,0.04859562872768155,0.0
Francisco Sánchez-Vega,0.0009718172983479105,0.0,0.04859562872768155,0.0
Robert E. Sheridan,0.0009718172983479105,0.0,0.04859562872768155,0.0
Jon Kleinberg,0.001943634596695821,1.8906951329725887e-06,0.001943634596695821,0.0
Lars Bäckström,0.0009718172983479105,0.0,0.001295756397797214,0.0
Jure Leskovec,0.0009718172983479105,0.0,0.001295756397797214,0.0
Volker Grimm,0.004859086491739553,4.726737832431472e-07,0.004859086491739553,0.0
Uta Berger,0.004859086491739553,4.726737832431472e-07,0.004859086491739553,0.0
Jarl Giske,0.003887269193391642,0.0,0.004049238743116294,0.0
Wolf M. Mooij,0.003887269193391642,0.0,0.004049238743116294,0.0
Steven F. Railsback,0.004859086491739553,4.726737832431472e-07,0.004859086491739553,0.0
Donald L. DeAngelis,0.004859086491739553,4.726737832431472e-07,0.004859086491739553,0.0
Ravi Kumar,0.0029154518950437317,0.0,0.0029154518950437317,0.0
Prabhakar Raghavan,0.0029154518950437317,0.0,0.0029154518950437317,0.0
Sridhar Rajagopalan,0.0029154518950437317,0.0,0.0029154518950437317,0.0
Andrew Tomkins,0.0029154518950437317,0.0,0.0029154518950437317,0.0
Andrew Parnell,0.0029154518950437317,0.0,0.0029154518950437317,0.0
Richard Inger,0.0029154518950437317,0.0,0.0029154518950437317,0.0
Stuart Bearhop,0.0029154518950437317,0.0,0.0029154518950437317,0.0
Andrew L. Jackson,0.0029154518950437317,0.0,0.0029154518950437317,0.0
Gary S. Collins,0.0009718172983479105,0.0,0.016448610140632404,0.0
Henrica C. W. de Vet,0.0029154518950437317,0.0,0.0029154518950437317,0.0
Caroline B. Terwee,0.0029154518950437317,0.0,0.0029154518950437317,0.0
Lidwine B. Mokkink,0.0029154518950437317,0.0,0.0029154518950437317,0.0
Dirk L. Knol,0.0029154518950437317,0.0,0.0029154518950437317,0.0
Clemens Meyer,0.003887269193391642,0.0,0.003887269193391642,0.0
Olaf Ronneberger,0.003887269193391642,0.0,0.003887269193391642,0.0
Bernardino Romera‐Paredes,0.003887269193391642,0.0,0.003887269193391642,0.0
Stanislav Nikolov,0.003887269193391642,0.0,0.003887269193391642,0.0
Demis Hassabis,0.003887269193391642,0.0,0.003887269193391642,0.0
Suhang Wang,0.001943634596695821,0.0,0.001943634596695821,0.0
Jiliang Tang,0.001943634596695821,0.0,0.001943634596695821,0.0
Huan Liu,0.001943634596695821,0.0,0.001943634596695821,0.0
MacKenzie,0.0009718172983479105,0.0,0.0009718172983479105,0.0
Podsakoff,0.0009718172983479105,0.0,0.0009718172983479105,0.0
David A. Hensher,0.001943634596695821,0.0,0.001943634596695821,0.0
John M. Rose,0.001943634596695821,0.0,0.001943634596695821,0.0
William H. Greene,0.001943634596695821,0.0,0.001943634596695821,0.0
Luis M. Vaquero,0.0009718172983479105,0.0,0.0009718172983479105,0.0
Luis Rodero‐Merino,0.0009718172983479105,0.0,0.0009718172983479105,0.0
Wil M. P. van der Aalst,0.001943634596695821,1.8906951329725887e-06,0.001943634596695821,0.0
Arthur H. M. ter Hofstede,0.0009718172983479105,0.0,0.001295756397797214,0.0
Boudewijn F. van Dongen,0.0009718172983479105,0.0,0.001295756397797214,0.0
Barbara A. Methé,0.0009718172983479105,0.0,0.0009718172983479105,0.0
William Nelson,0.0009718172983479105,0.0,0.0009718172983479105,0.0
Gary C. Armitage,0.008746355685131196,0.0,0.008746355685131196,0.0
Jack G. Caton,0.008746355685131196,0.0,0.008746355685131196,0.0
Tord Berglundh,0.008746355685131196,0.0,0.008746355685131196,0.0
Iain Chapple,0.008746355685131196,0.0,0.008746355685131196,0.0
Søren Jepsen,0.008746355685131196,0.0,0.008746355685131196,0.0
Kenneth S. Kornman,0.008746355685131196,0.0,0.008746355685131196,0.0
Brian L. Mealey,0.008746355685131196,0.0,0.008746355685131196,0.0
Panos N. Papapanou,0.008746355685131196,0.0,0.008746355685131196,0.0
Mariano Sanz,0.008746355685131196,0.0,0.008746355685131196,0.0
Maurizio S. Tonetti,0.008746355685131196,0.0,0.008746355685131196,0.0
Carl C. Baker,0.006802721088435374,0.0,0.006802721088435374,0.0
Lisa Begg,0.006802721088435374,0.0,0.006802721088435374,0.0
Tsegahiwot Belachew,0.006802721088435374,0.0,0.006802721088435374,0.0
Vivien Bonazzi,0.006802721088435374,0.0,0.006802721088435374,0.0
Carolyn Deal,0.006802721088435374,0.0,0.006802721088435374,0.0
Valentina Di Francesco,0.006802721088435374,0.0,0.006802721088435374,0.0
Christina Giblin,0.006802721088435374,0.0,0.006802721088435374,0.0
Maria Y. Giovanni,0.006802721088435374,0.0,0.006802721088435374,0.0
Andreas Wilm,0.0009718172983479105,0.0,0.0009718172983479105,0.0
Sven Nahnsen,0.0009718172983479105,0.0,0.0009718172983479105,0.0
Janet Piñero,0.0058309037900874635,1.8906951329725887e-06,0.0058309037900874635,0.0
Álex Bravo,0.004859086491739553,0.0,0.004997917534360683,0.0
Núria Queralt-Rosiñach,0.004859086491739553,0.0,0.004997917534360683,0.0
Jordi Deu-Pons,0.004859086491739553,0.0,0.004997917534360683,0.0
Emilio Centeno,0.0029154518950437317,0.0,0.003887269193391642,0.0
Ferrán Sanz,0.0058309037900874635,1.8906951329725887e-06,0.0058309037900874635,0.0
Laura I. Furlong,0.0058309037900874635,1.8906951329725887e-06,0.0058309037900874635,0.0
Irene Korstjens,0.0009718172983479105,0.0,0.0009718172983479105,0.0
Albine Moser,0.0009718172983479105,0.0,0.0009718172983479105,0.0
Paul E. Green,0.0009718172983479105,0.0,0.0009718172983479105,0.0
V. Srinivasan,0.0009718172983479105,0.0,0.0009718172983479105,0.0
Youngjin Yoo,0.0009718172983479105,0.0,0.0009718172983479105,0.0
Kalle Lyytinen,0.0009718172983479105,0.0,0.0009718172983479105,0.0
Peer Bork,0.0009718172983479105,0.0,0.0009718172983479105,0.0
Ivica Letunić,0.0009718172983479105,0.0,0.0009718172983479105,0.0
Anand Rajaraman,0.0009718172983479105,0.0,0.0009718172983479105,0.0
Jeffrey D. Ullman,0.0009718172983479105,0.0,0.0009718172983479105,0.0
Nenad Tomašev,0.0009718172983479105,0.0,0.0029154518950437317,0.0
Dominic King,0.001943634596695821,0.0,0.0031804929764113433,0.0
Mustafa Suleyman,0.001943634596695821,0.0,0.0031804929764113433,0.0
Charles R. Farrar,0.0009718172983479105,0.0,0.0009718172983479105,0.0
Keith Worden,0.0009718172983479105,0.0,0.0009718172983479105,0.0
Kenneth W. Witwer,0.010689990281827016,1.1344170797835532e-05,0.010689990281827016,0.0
Edit I. Buzás,0.004859086491739553,0.0,0.006917052535299835,0.0
Cecilia Lässer,0.004859086491739553,0.0,0.006917052535299835,0.0
Jan Lötvall,0.004859086491739553,0.0,0.006917052535299835,0.0
Clotilde Théry,0.010689990281827016,1.1344170797835532e-05,0.010689990281827016,0.0
Marca H. M. Wauben,0.010689990281827016,1.1344170797835532e-05,0.010689990281827016,0.0
Lorraine O’Driscoll,0.007774538386783284,0.0,0.008399278078578369,0.0
Tom A. P. Driedonks,0.007774538386783284,0.0,0.008399278078578369,0.0
Andrew F. Hill,0.007774538386783284,0.0,0.008399278078578369,0.0
Susmita Sahoo,0.007774538386783284,0.0,0.008399278078578369,0.0
An Hendrix,0.007774538386783284,0.0,0.008399278078578369,0.0
Martijn J. C. van Herwijnen,0.007774538386783284,0.0,0.008399278078578369,0.0
Barbara Kitchenham,0.001943634596695821,0.0,0.001943634596695821,0.0
David Budgen,0.001943634596695821,0.0,0.001943634596695821,0.0
Mark Turner,0.001943634596695821,0.0,0.001943634596695821,0.0
David L. Streiner,0.0009718172983479105,0.0,0.0009718172983479105,0.0
Geoffrey R. Norman,0.0009718172983479105,0.0,0.0009718172983479105,0.0
Jaideep Srivastava,0.0009718172983479105,0.0,0.0009718172983479105,0.0
Robert Cooley,0.0009718172983479105,0.0,0.0009718172983479105,0.0
S. N. Dorogovt︠s︡ev,0.0009718172983479105,0.0,0.0009718172983479105,0.0
J. F. F. Mendes,0.0009718172983479105,0.0,0.0009718172983479105,0.0
Mariarosaria Taddeo,0.0009718172983479105,0.0,0.0009718172983479105,0.0
Luciano Floridi,0.0009718172983479105,0.0,0.0009718172983479105,0.0
Bernhard von Stengel,0.003887269193391642,0.0,0.009839650145772596,0.0
Vijay V. Vazirani,0.003887269193391642,0.0,0.009839650145772596,0.0
Bruno Codenotti,0.003887269193391642,0.0,0.009839650145772596,0.0
Michael Kearns,0.003887269193391642,0.0,0.009839650145772596,0.0
Yevgeniy Dodis,0.003887269193391642,0.0,0.009839650145772596,0.0
James Schummer,0.003887269193391642,0.0,0.009839650145772596,0.0
Liad Blumrosen,0.003887269193391642,0.0,0.009839650145772596,0.0
Ron Lavi,0.003887269193391642,0.0,0.009839650145772596,0.0
Jason D. Hartline,0.003887269193391642,0.0,0.009839650145772596,0.0
Joan Feigenbaum,0.003887269193391642,0.0,0.009839650145772596,0.0
Kamal Jain,0.003887269193391642,0.0,0.009839650145772596,0.0
David C. Parkes,0.003887269193391642,0.0,0.009839650145772596,0.0
Berthold Vöcking,0.003887269193391642,0.0,0.009839650145772596,0.0
Ramesh Johari,0.003887269193391642,0.0,0.009839650145772596,0.0
Wouter de Nooy,0.001943634596695821,0.0,0.001943634596695821,0.0
Andrej Mrvar,0.001943634596695821,0.0,0.001943634596695821,0.0
Vladimir Batagelj,0.001943634596695821,0.0,0.001943634596695821,0.0
Susan T. Fiske,0.001943634596695821,0.0,0.009745167908433215,0.0
Marilynn B. Brewer,0.001943634596695821,0.0,0.009745167908433215,0.0
Eliot R. Smith,0.001943634596695821,0.0,0.009745167908433215,0.0
Stephen G. West,0.001943634596695821,0.0,0.009745167908433215,0.0
Elizabeth Levy Paluck,0.001943634596695821,0.0,0.009745167908433215,0.0
Jim Blascovich,0.001943634596695821,0.0,0.009745167908433215,0.0
Elliot T. Berkman,0.001943634596695821,0.0,0.009745167908433215,0.0
Eric Turkheimer,0.001943634596695821,0.0,0.009745167908433215,0.0
Norbert L. Kerr,0.001943634596695821,0.0,0.009745167908433215,0.0
Karen S. Quigley,0.001943634596695821,0.0,0.009745167908433215,0.0
Michael J. Richardson,0.001943634596695821,0.0,0.009745167908433215,0.0
Bertram Gawronski,0.001943634596695821,0.0,0.009745167908433215,0.0
Richard E. Heyman,0.001943634596695821,0.0,0.009745167908433215,0.0
Jon A. Krosnick,0.001943634596695821,0.0,0.009745167908433215,0.0
Michael R. Maniaci,0.001943634596695821,0.0,0.009745167908433215,0.0
Leandre R. Fabrigar,0.001943634596695821,0.0,0.009745167908433215,0.0
Walter Quattrociocchi,0.001943634596695821,0.0,0.001943634596695821,0.0
Fabiana Zollo,0.001943634596695821,0.0,0.001943634596695821,0.0
Antonio Scala,0.001943634596695821,0.0,0.001943634596695821,0.0
Nicholas R. Jennings,0.0009718172983479105,0.0,0.0009718172983479105,0.0
Michael Wooldridge,0.0009718172983479105,0.0,0.0009718172983479105,0.0
Julian McAuley,0.0009718172983479105,0.0,0.0009718172983479105,0.0
Ruining He,0.0009718172983479105,0.0,0.0009718172983479105,0.0
George E. P. Box,0.0009718172983479105,0.0,0.0009718172983479105,0.0
J. Stuart Hunter,0.0009718172983479105,0.0,0.0009718172983479105,0.0
Krzysztof J. Gorgolewski,0.006802721088435374,3.214181726053401e-05,0.006802721088435374,0.0
Yaroslav O. Halchenko,0.001943634596695821,0.0,0.003968253968253968,0.0
Satrajit Ghosh,0.001943634596695821,0.0,0.003968253968253968,0.0
Tristan Glatard,0.0009718172983479105,0.0,0.0036630036630036626,0.0
Thomas E. Nichols,0.0029154518950437317,0.0,0.004329004329004329,0.0
Jean‐Baptiste Poline,0.0029154518950437317,0.0,0.004329004329004329,0.0
Russell A. Poldrack,0.0029154518950437317,0.0,0.004329004329004329,0.0
Joke Durnez,0.0009718172983479105,0.0,0.0036630036630036626,0.0
Randi Vita,0.004859086491739553,0.0,0.004859086491739553,0.0
James A. Overton,0.004859086491739553,0.0,0.004859086491739553,0.0
Jason R Cantrell,0.004859086491739553,0.0,0.004859086491739553,0.0
Daniel K Wheeler,0.004859086491739553,0.0,0.004859086491739553,0.0
Alessandro Sette,0.004859086491739553,0.0,0.004859086491739553,0.0
Bjoern Peters,0.004859086491739553,0.0,0.004859086491739553,0.0
Carsten Q. Schneider,0.0009718172983479105,0.0,0.0009718172983479105,0.0
Claudius Wagemann,0.0009718172983479105,0.0,0.0009718172983479105,0.0
Yanqing Duan,0.001943634596695821,0.0,0.002186588921282799,0.0
John S. Edwards,0.001943634596695821,0.0,0.002186588921282799,0.0
Yogesh K. Dwivedi,0.0029154518950437317,3.7813902659451775e-06,0.0029154518950437317,0.0
Nripendra P. Rana,0.0009718172983479105,0.0,0.001749271137026239,0.0
Cristóbal Romero,0.0009718172983479105,0.0,0.0009718172983479105,0.0
Sebastián Ventura,0.0009718172983479105,0.0,0.0009718172983479105,0.0
Ed H.,0.0009718172983479105,0.0,0.0009718172983479105,0.0
Bongwon Suh,0.0009718172983479105,0.0,0.0009718172983479105,0.0
Bin Yu,0.0009718172983479105,0.0,0.0009718172983479105,0.0
Karl Kumbier,0.0009718172983479105,0.0,0.0009718172983479105,0.0
Jacques A. Hagenaars,0.014577259475218658,6.239293938809542e-05,0.012633624878522837,0.0
Leo A. Goodman,0.001943634596695821,0.0,0.006843213475866536,0.0
Allan L. McCutcheon,0.001943634596695821,0.0,0.006843213475866536,0.0
Jeroen K. Vermunt,0.012633624878522837,6.239293938809542e-05,0.012633624878522837,0.0
P.G.M. van der Heijden,0.001943634596695821,0.0,0.006843213475866536,0.0
Marcel A. Croon,0.001943634596695821,0.0,0.006843213475866536,0.0
Ulf Böckenholt,0.001943634596695821,0.0,0.006843213475866536,0.0
Anton K. Formann,0.001943634596695821,0.0,0.006843213475866536,0.0
C. Mitchell Dayton,0.001943634596695821,0.0,0.006843213475866536,0.0
Linda M. Collins,0.001943634596695821,0.0,0.006843213475866536,0.0
Rolf Langeheine,0.001943634596695821,0.0,0.006843213475866536,0.0
Tamás Rudas,0.001943634596695821,0.0,0.006843213475866536,0.0
Michel Wedel,0.001943634596695821,0.0,0.006843213475866536,0.0
Christopher Winship,0.001943634596695821,0.0,0.006843213475866536,0.0
Craig Knox,0.0029154518950437317,0.0,0.0029154518950437317,0.0
Yannick Djoumbou-Feunang,0.0029154518950437317,0.0,0.0029154518950437317,0.0
Roman Eisner,0.0029154518950437317,0.0,0.0029154518950437317,0.0
David S. Wishart,0.0029154518950437317,0.0,0.0029154518950437317,0.0
Brian L. Sullivan,0.004859086491739553,0.0,0.005291005291005291,0.0
Christopher Wood,0.004859086491739553,0.0,0.005291005291005291,0.0
Marshall J. Iliff,0.004859086491739553,0.0,0.005291005291005291,0.0
Rick Bonney,0.006802721088435374,1.8906951329725887e-05,0.006802721088435374,0.0
Daniel Fink,0.004859086491739553,0.0,0.005291005291005291,0.0
Steve Kelling,0.004859086491739553,0.0,0.005291005291005291,0.0
Tina Phillips,0.001943634596695821,0.0,0.003968253968253968,0.0
Andrea Wiggins,0.001943634596695821,0.0,0.003968253968253968,0.0
Samuel Fosso Wamba,0.003887269193391642,0.0,0.003887269193391642,0.0
Angappa Gunasekaran,0.003887269193391642,0.0,0.003887269193391642,0.0
Shahriar Akter,0.003887269193391642,0.0,0.003887269193391642,0.0
Rameshwar Dubey,0.003887269193391642,0.0,0.003887269193391642,0.0
Stephen J. Childe,0.003887269193391642,0.0,0.003887269193391642,0.0
Anne E. Magurran,0.0009718172983479105,0.0,0.0009718172983479105,0.0
Brian J. McGill,0.0009718172983479105,0.0,0.0009718172983479105,0.0
Pervez Ghauri,0.0009718172983479105,0.0,0.0009718172983479105,0.0
Kjell Grønhaug,0.0009718172983479105,0.0,0.0009718172983479105,0.0
Jasmine Chong,0.0009718172983479105,0.0,0.0022212966819380813,0.0
Jianguo Xia,0.003887269193391642,5.672085398917766e-06,0.003887269193391642,0.0
Guangyan Zhou,0.0029154518950437317,0.0,0.003109815354713314,0.0
Jessica Ewald,0.0029154518950437317,0.0,0.003109815354713314,0.0
Niladri Basu,0.0029154518950437317,0.0,0.003109815354713314,0.0
Daniel H. Huson,0.001943634596695821,0.0,0.001943634596695821,0.0
Suparna Mitra,0.001943634596695821,0.0,0.001943634596695821,0.0
Hans‐Joachim Ruscheweyh,0.001943634596695821,0.0,0.001943634596695821,0.0
Nancy L. Leech,0.0009718172983479105,0.0,0.0009718172983479105,0.0
Anthony J. Onwuegbuzie,0.0009718172983479105,0.0,0.0009718172983479105,0.0
Dmitry Ivanov,0.0009718172983479105,0.0,0.0009718172983479105,0.0
Alexandre Dolgui,0.0009718172983479105,0.0,0.0009718172983479105,0.0
Bradford Jones,0.0009718172983479105,0.0,0.0009718172983479105,0.0
Janet M. Box‐Steffensmeier,0.0009718172983479105,0.0,0.0009718172983479105,0.0
Christopher H. Tomkins-Tinch,0.0009718172983479105,0.0,0.001295756397797214,0.0
Johannes Köster,0.001943634596695821,1.8906951329725887e-06,0.001943634596695821,0.0
Felix Mölder,0.0009718172983479105,0.0,0.001295756397797214,0.0
Qinglin Qi,0.0029154518950437317,0.0,0.0029154518950437317,0.0
Fei Tao,0.0029154518950437317,0.0,0.0029154518950437317,0.0
Lihui Wang,0.0029154518950437317,0.0,0.0029154518950437317,0.0
A.Y.C. Nee,0.0029154518950437317,0.0,0.0029154518950437317,0.0
Tharam S. Dillon,0.0009718172983479105,0.0,0.0009718172983479105,0.0
Elizabeth Chang,0.0009718172983479105,0.0,0.0009718172983479105,0.0
Mary S. Morgan,0.010689990281827016,2.6469731861616242e-05,0.008746355685131196,0.0
Margaret Morrison,0.010689990281827016,2.6469731861616242e-05,0.008746355685131196,0.0
Marcel Boumans,0.001943634596695821,0.0,0.004919825072886298,0.0
R. I. G. Hughes,0.001943634596695821,0.0,0.004919825072886298,0.0
Ursula Klein,0.001943634596695821,0.0,0.004919825072886298,0.0
Mauricio Suárez,0.001943634596695821,0.0,0.004919825072886298,0.0
Geert Reuten,0.001943634596695821,0.0,0.004919825072886298,0.0
Nancy Cartwright,0.001943634596695821,0.0,0.004919825072886298,0.0
Adrienne van den Bogaard,0.001943634596695821,0.0,0.004919825072886298,0.0
Stephan Hartmann,0.001943634596695821,0.0,0.004919825072886298,0.0
Brian Steensland,0.004859086491739553,0.0,0.004859086491739553,0.0
Lynn Robinson,0.004859086491739553,0.0,0.004859086491739553,0.0
W. Bradford Wilcox,0.004859086491739553,0.0,0.004859086491739553,0.0
Jerry Z. Park,0.004859086491739553,0.0,0.004859086491739553,0.0
Mark Regnerus,0.004859086491739553,0.0,0.004859086491739553,0.0
Robert D. Woodberry,0.004859086491739553,0.0,0.004859086491739553,0.0
Gonzalo Gabriel Méndez,0.0009718172983479105,0.0,0.0009718172983479105,0.0
Katherine Chiluiza,0.0009718172983479105,0.0,0.0009718172983479105,0.0
Qi Wang,0.0009718172983479105,0.0,0.0009718172983479105,0.0
James M. Tiedje,0.0009718172983479105,0.0,0.0009718172983479105,0.0
Jan vom Brocke,0.0009718172983479105,0.0,0.002699492495410863,0.0
Björn Niehaves,0.004859086491739553,1.8906951329725887e-05,0.004859086491739553,0.0
Alexander Simons,0.0009718172983479105,0.0,0.002699492495410863,0.0
Kai Reimer,0.0009718172983479105,0.0,0.002699492495410863,0.0
Ralf Plattfaut,0.0009718172983479105,0.0,0.002699492495410863,0.0
Anne Cleven,0.0009718172983479105,0.0,0.002699492495410863,0.0
Shuai Zhang,0.0029154518950437317,0.0,0.0029154518950437317,0.0
Lina Yao,0.0029154518950437317,0.0,0.0029154518950437317,0.0
Aixin Sun,0.0029154518950437317,0.0,0.0029154518950437317,0.0
Yi Tay,0.0029154518950437317,0.0,0.0029154518950437317,0.0
John C. Marioni,0.0009718172983479105,0.0,0.0009718172983479105,0.0
Oliver Stegle,0.0009718172983479105,0.0,0.0009718172983479105,0.0
